{
	"info": {
		"_postman_id": "827968fd-f00c-4474-a3ae-3da804af1933",
		"name": "TP",
		"schema": "https://schema.getpostman.com/json/collection/v2.1.0/collection.json"
	},
	"item": [
		{
			"name": "GET-USERS",
			"request": {
				"method": "GET",
				"header": [],
				"url": {
					"raw": "http://localhost:3058/api/users",
					"protocol": "http",
					"host": [
						"localhost"
					],
					"port": "3058",
					"path": [
						"api",
						"users"
					]
				}
			},
			"response": []
		},
		{
			"name": "POST-CREATE USERS",
			"request": {
				"method": "POST",
				"header": [],
				"body": {
					"mode": "urlencoded",
					"urlencoded": [
						{
							"key": "username",
							"value": "luna05",
							"type": "default"
						},
						{
							"key": "firstname",
							"value": "Luna",
							"type": "default"
						},
						{
							"key": "lastname",
							"value": "Lopez",
							"type": "default"
						},
						{
							"key": "password",
							"value": "luna08",
							"type": "default"
						},
						{
							"key": "country",
							"value": "España",
							"type": "default"
						},
						{
							"key": "city",
							"value": "Madrid",
							"type": "default"
						},
						{
							"key": "notDeletable",
							"value": "1",
							"type": "default"
						}
					]
				},
				"url": {
					"raw": "http://localhost:3058/api/users",
					"protocol": "http",
					"host": [
						"localhost"
					],
					"port": "3058",
					"path": [
						"api",
						"users"
					]
				}
			},
			"response": []
		},
		{
			"name": "GET MESSAGES-INBOX",
			"request": {
				"method": "GET",
				"header": [],
				"url": {
					"raw": "http://localhost:3058/api/users/luna05/messages/inbox",
					"protocol": "http",
					"host": [
						"localhost"
					],
					"port": "3058",
					"path": [
						"api",
						"users",
						"luna05",
						"messages",
						"inbox"
					]
				}
			},
			"response": []
		},
		{
			"name": "GET MESSAGES-SENT",
			"request": {
				"method": "GET",
				"header": [],
				"url": {
					"raw": "http://localhost:3058/api/users/luna05/messages/sent",
					"protocol": "http",
					"host": [
						"localhost"
					],
					"port": "3058",
					"path": [
						"api",
						"users",
						"luna05",
						"messages",
						"sent"
					]
				}
			},
			"response": []
		},
		{
			"name": "POST MESSAGES-NEW",
			"request": {
				"method": "POST",
				"header": [],
				"body": {
					"mode": "urlencoded",
					"urlencoded": [
						{
							"key": "destinatario",
							"value": "1",
							"type": "default"
						},
						{
							"key": "asunto",
							"value": "Sprint",
							"type": "default"
						},
						{
							"key": "message",
							"value": "Reunion diaria adelantada 9.15hs",
							"type": "default"
						},
						{
							"key": "",
							"value": "",
							"type": "default",
							"disabled": true
						},
						{
							"key": "",
							"value": "",
							"type": "default",
							"disabled": true
						},
						{
							"key": "",
							"value": "",
							"type": "default",
							"disabled": true
						},
						{
							"key": "",
							"value": "",
							"type": "default",
							"disabled": true
						}
					]
				},
				"url": {
					"raw": "http://localhost:3058/api/users/pepito/messages?\"destinatario\"={\"destinatarios\": [1,2,3]}&asunto=Sprint&fecha=2022/01/23&remitente=4&message=Reunion diaria organizacion 9.15hs",
					"protocol": "http",
					"host": [
						"localhost"
					],
					"port": "3058",
					"path": [
						"api",
						"users",
						"pepito",
						"messages"
					],
					"query": [
						{
							"key": "\"destinatario\"",
							"value": "{\"destinatarios\": [1,2,3]}"
						},
						{
							"key": "asunto",
							"value": "Sprint"
						},
						{
							"key": "fecha",
							"value": "2022/01/23"
						},
						{
							"key": "remitente",
							"value": "4"
						},
						{
							"key": "message",
							"value": "Reunion diaria organizacion 9.15hs"
						}
					]
				}
			},
			"response": []
		},
		{
			"name": "POST Login",
			"request": {
				"method": "POST",
				"header": [],
				"body": {
					"mode": "urlencoded",
					"urlencoded": [
						{
							"key": "username",
							"value": "pepe",
							"type": "default"
						},
						{
							"key": "password",
							"value": "1234",
							"type": "default"
						},
						{
							"key": "",
							"value": "",
							"type": "default",
							"disabled": true
						},
						{
							"key": "",
							"value": "",
							"type": "default",
							"disabled": true
						},
						{
							"key": "",
							"value": "",
							"type": "default",
							"disabled": true
						}
					]
				},
				"url": {
					"raw": "http://localhost:3058/api/login",
					"protocol": "http",
					"host": [
						"localhost"
					],
					"port": "3058",
					"path": [
						"api",
						"login"
					]
				}
			},
			"response": []
		},
		{
			"name": "GET logout",
			"protocolProfileBehavior": {
				"disableBodyPruning": true
			},
			"request": {
				"method": "GET",
				"header": [],
				"body": {
					"mode": "urlencoded",
					"urlencoded": [
						{
							"key": "",
							"value": "",
							"type": "default",
							"disabled": true
						},
						{
							"key": "",
							"value": "",
							"type": "default",
							"disabled": true
						},
						{
							"key": "",
							"value": "",
							"type": "default",
							"disabled": true
						}
					]
				},
				"url": {
					"raw": "http://localhost:3058/api/logout",
					"protocol": "http",
					"host": [
						"localhost"
					],
					"port": "3058",
					"path": [
						"api",
						"logout"
					]
				}
			},
			"response": []
		}
	]
}